{"cameraMode":{"drawMode":0,"name":"Shaded","section":"Shading Mode"},"sceneLighting":false,"audioPlay":false,"sceneViewState":{"showFog":true,"showMaterialUpdate":false,"showSkybox":false,"showFlares":true,"showImageEffects":true,"showParticleSystems":true,"showVisualEffectGraphs":true,"m_FxEnabled":false},"in2DMode":false,"pivot":{"x":4.856032371520996,"y":1.3951046466827393,"z":3.313047409057617},"rotation":{"x":-0.0422944538295269,"y":0.01108686625957489,"z":-0.00046927761286497116,"w":-0.9990469813346863},"size":20.316072463989259,"orthographic":false}